,Cluster_ID,Size,Representative,All_Features
131,528,10,GS1_Q1,"FEDFUNDS_Q1, FEDFUNDS_extreme_low, GS10_Q1, GS10_extreme_low, GS1_Q1..."
55,658,9,S&P PE ratio_zscore_6M,"S&P 500, S&P 500_zscore_12M, S&P 500_zscore_6M, S&P PE ratio, S&P PE ratio_zscore_12M..."
122,384,9,T10YFFM_chg_6M,"AAAFFM_chg_6M, BAAFFM_chg_6M, T10YFFM_chg_6M, T5YFFM_chg_6M, YC_10Y_1Y_chg_6M..."
64,526,9,T10YFFM,"AAAFFM, BAAFFM, T10YFFM, T5YFFM, YC_10Y_1Y..."
5,239,9,IPFINAL_zscore_6M,"IPCONGD, IPCONGD_zscore_12M, IPCONGD_zscore_6M, IPFINAL, IPFINAL_zscore_12M..."
59,429,8,GS5_zscore_12M,"ECT_yields5_inflation_chg_1M, ECT_yields_inflation_chg_1M, GS10, GS10_zscore_12M, GS10_zscore_6M..."
70,642,8,WPSFD49502_zscore_6M,"WPSFD49207, WPSFD49207_zscore_12M, WPSFD49207_zscore_3M, WPSFD49207_zscore_6M, WPSFD49502..."
630,388,8,T10YFFM_chg_3M,"AAAFFM_chg_3M, AAAFFM_zscore_6M, BAAFFM_chg_3M, BAAFFM_zscore_6M, T10YFFM_chg_3M..."
98,527,8,ECT_consumption_income,"ECT_consumption_income, FEDFUNDS_quintile, GS10_quintile, GS1_quintile, GS5_quintile..."
123,382,7,T10YFFM_chg_12M,"AAAFFM_chg_12M, BAAFFM_chg_12M, T10YFFM_chg_12M, T5YFFM_chg_12M, Yield_Curve_10Y_1Y_chg_12M..."
35,493,6,HOUST,"HOUST, HOUSTW, HOUST_quintile, PERMIT, PERMITW..."
256,235,6,IPMANSICS_zscore_6M,"CUMFNS_zscore_12M, CUMFNS_zscore_6M, INDPRO_zscore_12M, INDPRO_zscore_6M, IPMANSICS_zscore_12M..."
259,224,6,IPFINAL_accel_3M,"IPCONGD_accel_3M, IPCONGD_chg_3M, IPFINAL_accel_3M, IPFINAL_chg_3M, IPFPNSS_accel_3M..."
139,531,6,TB3MS_Q5,"FEDFUNDS_Q5, FEDFUNDS_extreme_high, GS1_Q5, GS1_extreme_high, TB3MS_Q5..."
4,234,6,CUMFNS,"CUMFNS, INDPRO, IPDMAT, IPMANSICS, IPMAT..."
573,656,6,S&P div yield_accel_3M,"S&P 500_accel_3M, S&P 500_chg_3M, S&P PE ratio_accel_3M, S&P PE ratio_chg_3M, S&P div yield_accel_3M..."
575,655,6,S&P div yield_accel_6M,"S&P 500_accel_6M, S&P 500_chg_6M, S&P PE ratio_accel_6M, S&P PE ratio_chg_6M, S&P div yield_accel_6M..."
258,176,5,CUMFNS_accel_12M,"CUMFNS_accel_12M, INDPRO_accel_12M, IPDMAT_accel_12M, IPMANSICS_accel_12M, IPMAT_accel_12M"
97,525,5,Real_1Y_Yield,"Real_10Y_Yield, Real_1Y_Yield, Real_3M_Rate, Real_5Y_Yield, Real_Fed_Funds"
121,387,5,Yield_Curve_10Y_3M_chg_3M,"YC_10Y_1Y_chg_3M, YC_10Y_3M_chg_3M, Yield_Curve_10Y_1Y_chg_3M, Yield_Curve_10Y_3M_chg_3M, Yield_Curve_5Y_1Y_chg_3M"
257,177,5,CUMFNS_chg_12M,"CUMFNS_chg_12M, INDPRO_chg_12M, IPDMAT_chg_12M, IPMANSICS_chg_12M, IPMAT_chg_12M"
255,207,4,CUMFNS_accel_6M,"CUMFNS_accel_6M, INDPRO_accel_6M, IPDMAT_accel_6M, IPMANSICS_accel_6M"
95,557,4,INVEST_zscore_6M,"INVEST, INVEST_zscore_12M, INVEST_zscore_3M, INVEST_zscore_6M"
75,634,4,CPIAUCSL_zscore_6M,"CPIAUCSL, CPIAUCSL_zscore_12M, CPIAUCSL_zscore_3M, CPIAUCSL_zscore_6M"
74,672,4,PPICMM_zscore_6M,"PPICMM, PPICMM_zscore_12M, PPICMM_zscore_3M, PPICMM_zscore_6M"
73,600,4,OILPRICEx_zscore_6M,"OILPRICEx, OILPRICEx_zscore_12M, OILPRICEx_zscore_3M, OILPRICEx_zscore_6M"
72,643,4,WPSID62_zscore_6M,"WPSID62, WPSID62_zscore_12M, WPSID62_zscore_3M, WPSID62_zscore_6M"
71,641,4,WPSID61_zscore_6M,"WPSID61, WPSID61_zscore_12M, WPSID61_zscore_3M, WPSID61_zscore_6M"
634,375,4,AAAFFM_accel_12M,"AAAFFM_accel_12M, BAAFFM_accel_12M, T10YFFM_accel_12M, T5YFFM_accel_12M"
635,383,4,T10YFFM_zscore_12M,"AAAFFM_zscore_12M, BAAFFM_zscore_12M, T10YFFM_zscore_12M, T5YFFM_zscore_12M"
14,29,4,CLF16OV_zscore_6M,"CLF16OV, CLF16OV_zscore_12M, CLF16OV_zscore_3M, CLF16OV_zscore_6M"
254,209,4,CUMFNS_chg_6M,"CUMFNS_chg_6M, INDPRO_chg_6M, IPDMAT_chg_6M, IPMANSICS_chg_6M"
606,410,4,AAA_accel_3M,"AAA_accel_3M, AAA_chg_3M, BAA_accel_3M, BAA_chg_3M"
352,271,4,SRVPRD_zscore_12M,"PAYEMS_zscore_12M, PAYEMS_zscore_6M, SRVPRD_zscore_12M, SRVPRD_zscore_6M"
610,426,4,AAA_zscore_12M,"AAA_zscore_12M, AAA_zscore_6M, BAA_zscore_12M, BAA_zscore_6M"
135,530,4,GS10_Q5,"GS10_Q5, GS10_extreme_high, GS5_Q5, GS5_extreme_high"
605,400,4,GS5_accel_12M,"GS10_accel_12M, GS10_chg_12M, GS5_accel_12M, GS5_chg_12M"
101,356,4,Real_1Y_Yield_chg_1M,"Real_10Y_Yield_chg_1M, Real_1Y_Yield_chg_1M, Real_3M_Rate_chg_1M, Real_5Y_Yield_chg_1M"
76,579,4,CPIAPPSL_zscore_6M,"CPIAPPSL, CPIAPPSL_zscore_12M, CPIAPPSL_zscore_3M, CPIAPPSL_zscore_6M"
77,630,4,CPITRNSL_zscore_6M,"CPITRNSL, CPITRNSL_zscore_12M, CPITRNSL_zscore_3M, CPITRNSL_zscore_6M"
78,744,4,CPIMEDSL_zscore_6M,"CPIMEDSL, CPIMEDSL_zscore_12M, CPIMEDSL_zscore_3M, CPIMEDSL_zscore_6M"
87,636,4,DNDGRG3M086SBEA_zscore_6M,"DNDGRG3M086SBEA, DNDGRG3M086SBEA_zscore_12M, DNDGRG3M086SBEA_zscore_3M, DNDGRG3M086SBEA_zscore_6M"
93,734,4,DTCOLNVHFNM_zscore_6M,"DTCOLNVHFNM, DTCOLNVHFNM_zscore_12M, DTCOLNVHFNM_zscore_3M, DTCOLNVHFNM_zscore_6M"
633,370,4,AAAFFM_accel_6M,"AAAFFM_accel_6M, BAAFFM_accel_6M, T10YFFM_accel_6M, T5YFFM_accel_6M"
91,713,4,CES3000000008_zscore_6M,"CES3000000008, CES3000000008_zscore_12M, CES3000000008_zscore_3M, CES3000000008_zscore_6M"
90,707,4,CES2000000008_zscore_6M,"CES2000000008, CES2000000008_zscore_12M, CES2000000008_zscore_3M, CES2000000008_zscore_6M"
89,714,4,CES0600000008_zscore_6M,"CES0600000008, CES0600000008_zscore_12M, CES0600000008_zscore_3M, CES0600000008_zscore_6M"
88,582,4,DSERRG3M086SBEA_zscore_6M,"DSERRG3M086SBEA, DSERRG3M086SBEA_zscore_12M, DSERRG3M086SBEA_zscore_3M, DSERRG3M086SBEA_zscore_6M"
86,569,4,DDURRG3M086SBEA_zscore_6M,"DDURRG3M086SBEA, DDURRG3M086SBEA_zscore_12M, DDURRG3M086SBEA_zscore_3M, DDURRG3M086SBEA_zscore_6M"
79,637,4,CUSR0000SAC_zscore_6M,"CUSR0000SAC, CUSR0000SAC_zscore_12M, CUSR0000SAC_zscore_3M, CUSR0000SAC_zscore_6M"
85,632,4,PCEPI_zscore_6M,"PCEPI, PCEPI_zscore_12M, PCEPI_zscore_3M, PCEPI_zscore_6M"
84,633,4,CUSR0000SA0L5_zscore_6M,"CUSR0000SA0L5, CUSR0000SA0L5_zscore_12M, CUSR0000SA0L5_zscore_3M, CUSR0000SA0L5_zscore_6M"
83,635,4,CUSR0000SA0L2_zscore_6M,"CUSR0000SA0L2, CUSR0000SA0L2_zscore_12M, CUSR0000SA0L2_zscore_3M, CUSR0000SA0L2_zscore_6M"
82,631,4,CPIULFSL_zscore_6M,"CPIULFSL, CPIULFSL_zscore_12M, CPIULFSL_zscore_3M, CPIULFSL_zscore_6M"
81,587,4,CUSR0000SAS_zscore_6M,"CUSR0000SAS, CUSR0000SAS_zscore_12M, CUSR0000SAS_zscore_3M, CUSR0000SAS_zscore_6M"
80,574,4,CUSR0000SAD_zscore_6M,"CUSR0000SAD, CUSR0000SAD_zscore_12M, CUSR0000SAD_zscore_3M, CUSR0000SAD_zscore_6M"
18,58,4,UEMPLT5_zscore_6M,"UEMPLT5, UEMPLT5_zscore_12M, UEMPLT5_zscore_3M, UEMPLT5_zscore_6M"
604,434,4,GS5_accel_6M,"GS10_accel_6M, GS10_chg_6M, GS5_accel_6M, GS5_chg_6M"
3,143,4,RETAILx_zscore_6M,"RETAILx, RETAILx_zscore_12M, RETAILx_zscore_3M, RETAILx_zscore_6M"
41,101,4,ANDENOx_zscore_6M,"ANDENOx, ANDENOx_zscore_12M, ANDENOx_zscore_3M, ANDENOx_zscore_6M"
1,144,4,DPCERA3M086SBEA_zscore_6M,"DPCERA3M086SBEA, DPCERA3M086SBEA_zscore_12M, DPCERA3M086SBEA_zscore_3M, DPCERA3M086SBEA_zscore_6M"
660,621,4,WPSFD49502_accel_12M,"WPSFD49207_accel_12M, WPSFD49207_chg_12M, WPSFD49502_accel_12M, WPSFD49502_chg_12M"
659,611,4,WPSFD49502_accel_6M,"WPSFD49207_accel_6M, WPSFD49207_chg_6M, WPSFD49502_accel_6M, WPSFD49502_chg_6M"
11,740,4,IPFUELS_zscore_6M,"IPFUELS, IPFUELS_zscore_12M, IPFUELS_zscore_3M, IPFUELS_zscore_6M"
658,640,4,WPSFD49502_accel_3M,"WPSFD49207_accel_3M, WPSFD49207_chg_3M, WPSFD49502_accel_3M, WPSFD49502_chg_3M"
631,358,4,T10YFFM_accel_3M,"AAAFFM_accel_3M, BAAFFM_accel_3M, T10YFFM_accel_3M, T5YFFM_accel_3M"
384,250,4,MANEMP_zscore_12M,"DMANEMP_zscore_12M, DMANEMP_zscore_6M, MANEMP_zscore_12M, MANEMP_zscore_6M"
673,626,4,CUSR0000SA0L5_accel_3M,"CPIAUCSL_accel_3M, CPIAUCSL_chg_3M, CUSR0000SA0L5_accel_3M, CUSR0000SA0L5_chg_3M"
34,158,4,AWOTMAN_zscore_6M,"AWOTMAN, AWOTMAN_zscore_12M, AWOTMAN_zscore_3M, AWOTMAN_zscore_6M"
10,107,4,IPB51222S_zscore_6M,"IPB51222S, IPB51222S_zscore_12M, IPB51222S_zscore_3M, IPB51222S_zscore_6M"
601,420,4,TB6MS_zscore_6M,"GS1_zscore_12M, GS1_zscore_6M, TB6MS_zscore_12M, TB6MS_zscore_6M"
602,409,4,GS5_accel_3M,"GS10_accel_3M, GS10_chg_3M, GS5_accel_3M, GS5_chg_3M"
176,456,4,INDPRO_Q4,"INDPRO_Q4, INDPRO_Q5, INDPRO_extreme_high, INDPRO_quintile"
7,110,4,IPNCONGD_zscore_6M,"IPNCONGD, IPNCONGD_zscore_12M, IPNCONGD_zscore_3M, IPNCONGD_zscore_6M"
40,102,4,AMDMNOx_zscore_6M,"AMDMNOx, AMDMNOx_zscore_12M, AMDMNOx_zscore_3M, AMDMNOx_zscore_6M"
175,463,4,M2REAL_Q4,"M2REAL_Q4, M2REAL_Q5, M2REAL_extreme_high, M2REAL_quintile"
443,316,4,HOUST_chg_12M,"HOUSTS_chg_12M, HOUST_chg_12M, PERMITS_chg_12M, PERMIT_chg_12M"
19,35,4,UEMP5TO14_zscore_6M,"UEMP5TO14, UEMP5TO14_zscore_12M, UEMP5TO14_zscore_3M, UEMP5TO14_zscore_6M"
170,491,4,HOUST_Q1,"HOUST_Q1, HOUST_extreme_low, PERMIT_Q1, PERMIT_extreme_low"
53,727,4,NONREVSL_zscore_6M,"NONREVSL, NONREVSL_zscore_12M, NONREVSL_zscore_3M, NONREVSL_zscore_6M"
52,724,4,REALLN_zscore_6M,"REALLN, REALLN_zscore_12M, REALLN_zscore_3M, REALLN_zscore_6M"
51,720,4,BUSLOANS_zscore_6M,"BUSLOANS, BUSLOANS_zscore_12M, BUSLOANS_zscore_3M, BUSLOANS_zscore_6M"
130,373,4,TB6SMFFM_chg_6M,"T1YFFM_chg_6M, TB3SMFFM_chg_6M, TB6SMFFM_chg_6M, TED_Spread_Proxy_chg_6M"
49,552,4,TOTRESNS_zscore_6M,"TOTRESNS, TOTRESNS_zscore_12M, TOTRESNS_zscore_3M, TOTRESNS_zscore_6M"
94,736,4,DTCTHFNM_zscore_6M,"DTCTHFNM, DTCTHFNM_zscore_12M, DTCTHFNM_zscore_3M, DTCTHFNM_zscore_6M"
48,553,4,BOGMBASE_zscore_6M,"BOGMBASE, BOGMBASE_zscore_12M, BOGMBASE_zscore_3M, BOGMBASE_zscore_6M"
629,362,4,TB6SMFFM_zscore_12M,"T1YFFM_zscore_12M, T1YFFM_zscore_6M, TB6SMFFM_zscore_12M, TB6SMFFM_zscore_6M"
46,566,4,M2SL_zscore_6M,"M2SL, M2SL_zscore_12M, M2SL_zscore_3M, M2SL_zscore_6M"
45,565,4,M1SL_zscore_6M,"M1SL, M1SL_zscore_12M, M1SL_zscore_3M, M1SL_zscore_6M"
129,360,4,TB6SMFFM_chg_3M,"T1YFFM_chg_3M, TB3SMFFM_chg_3M, TB6SMFFM_chg_3M, TED_Spread_Proxy_chg_3M"
251,221,3,CUMFNS_chg_3M,"CUMFNS_chg_3M, INDPRO_chg_3M, IPMANSICS_chg_3M"
120,381,3,Yield_Curve_10Y_1Y_chg_1M,"YC_10Y_1Y_chg_1M, Yield_Curve_10Y_1Y_chg_1M, Yield_Curve_5Y_1Y_chg_1M"
6,232,3,IPDCONGD_zscore_12M,"IPDCONGD, IPDCONGD_zscore_12M, IPDCONGD_zscore_6M"
9,216,3,IPNMAT_zscore_12M,"IPNMAT, IPNMAT_zscore_12M, IPNMAT_zscore_6M"
252,222,3,CUMFNS_accel_3M,"CUMFNS_accel_3M, INDPRO_accel_3M, IPMANSICS_accel_3M"
21,7,3,UEMP15T26_zscore_12M,"UEMP15T26, UEMP15T26_zscore_12M, UEMP15T26_zscore_6M"
339,21,3,UEMP27OV_zscore_12M,"UEMP27OV_zscore_12M, UEMP27OV_zscore_3M, UEMP27OV_zscore_6M"
150,532,3,BAA_10Y_Spread_quintile,"BAA_10Y_Spread_Q5, BAA_10Y_Spread_extreme_high, BAA_10Y_Spread_quintile"
593,413,3,GS1_accel_3M,"GS1_accel_3M, TB3MS_accel_3M, TB6MS_accel_3M"
595,440,3,TB3MS_chg_6M,"GS1_chg_6M, TB3MS_chg_6M, TB6MS_chg_6M"
596,439,3,TB3MS_accel_6M,"GS1_accel_6M, TB3MS_accel_6M, TB6MS_accel_6M"
598,408,3,TB3MS_chg_12M,"GS1_chg_12M, TB3MS_chg_12M, TB6MS_chg_12M"
599,407,3,TB3MS_accel_12M,"GS1_accel_12M, TB3MS_accel_12M, TB6MS_accel_12M"
362,189,3,DMANEMP_accel_12M,"DMANEMP_accel_12M, MANEMP_accel_12M, USGOOD_accel_12M"
361,188,3,DMANEMP_chg_12M,"DMANEMP_chg_12M, MANEMP_chg_12M, USGOOD_chg_12M"
577,653,3,S&P div yield_accel_12M,"S&P 500_accel_12M, S&P PE ratio_accel_12M, S&P div yield_accel_12M"
576,654,3,S&P div yield_chg_12M,"S&P 500_chg_12M, S&P PE ratio_chg_12M, S&P div yield_chg_12M"
2,148,3,CMRMTSPLx_zscore_12M,"CMRMTSPLx, CMRMTSPLx_zscore_12M, CMRMTSPLx_zscore_6M"
574,657,3,S&P PE ratio_zscore_3M,"S&P 500_zscore_3M, S&P PE ratio_zscore_3M, S&P div yield_zscore_3M"
166,514,3,UMCSENTx_quintile,"UMCSENTx_Q1, UMCSENTx_extreme_low, UMCSENTx_quintile"
691,618,3,DNDGRG3M086SBEA_chg_12M,"CUSR0000SA0L2_chg_12M, CUSR0000SAC_chg_12M, DNDGRG3M086SBEA_chg_12M"
161,512,3,UNRATE_quintile,"UNRATE_Q1, UNRATE_extreme_low, UNRATE_quintile"
692,617,3,DNDGRG3M086SBEA_accel_12M,"CUSR0000SA0L2_accel_12M, CUSR0000SAC_accel_12M, DNDGRG3M086SBEA_accel_12M"
155,533,3,AAA_10Y_Spread_quintile,"AAA_10Y_Spread_Q5, AAA_10Y_Spread_extreme_high, AAA_10Y_Spread_quintile"
592,414,3,GS1_chg_3M,"GS1_chg_3M, TB3MS_chg_3M, TB6MS_chg_3M"
66,698,3,EXSZUSx_zscore_12M,"EXSZUSx, EXSZUSx_zscore_12M, EXSZUSx_zscore_6M"
627,379,3,T1YFFM_accel_12M,"T1YFFM_accel_12M, TB3SMFFM_accel_12M, TB6SMFFM_accel_12M"
626,378,3,T1YFFM_chg_12M,"T1YFFM_chg_12M, TB3SMFFM_chg_12M, TB6SMFFM_chg_12M"
15,30,3,CE16OV_zscore_12M,"CE16OV, CE16OV_zscore_12M, CE16OV_zscore_6M"
92,648,3,UMCSENTx,"UMCSENTx, UMCSENTx_zscore_12M, UMCSENTx_zscore_6M"
298,45,3,HWI_zscore_12M,"HWI_zscore_12M, HWI_zscore_3M, HWI_zscore_6M"
69,676,3,EXCAUSx_zscore_12M,"EXCAUSx, EXCAUSx_zscore_12M, EXCAUSx_zscore_6M"
39,590,3,ACOGNO_zscore_12M,"ACOGNO, ACOGNO_zscore_12M, ACOGNO_zscore_6M"
68,693,3,EXUSUKx_zscore_12M,"EXUSUKx, EXUSUKx_zscore_12M, EXUSUKx_zscore_6M"
44,146,3,ISRATIOx_zscore_12M,"ISRATIOx, ISRATIOx_zscore_12M, ISRATIOx_zscore_6M"
624,374,3,T1YFFM_accel_6M,"T1YFFM_accel_6M, TB3SMFFM_accel_6M, TB6SMFFM_accel_6M"
67,688,3,EXJPUSx_zscore_12M,"EXJPUSx, EXJPUSx_zscore_12M, EXJPUSx_zscore_6M"
50,550,3,NONBORRES_zscore_12M,"NONBORRES, NONBORRES_zscore_12M, NONBORRES_zscore_6M"
65,697,3,TWEXAFEGSMTHx_zscore_12M,"TWEXAFEGSMTHx, TWEXAFEGSMTHx_zscore_12M, TWEXAFEGSMTHx_zscore_6M"
17,18,3,UEMPMEAN_zscore_12M,"UEMPMEAN, UEMPMEAN_zscore_12M, UEMPMEAN_zscore_6M"
315,59,3,UNRATE_zscore_12M,"UNRATE_zscore_12M, UNRATE_zscore_3M, UNRATE_zscore_6M"
62,522,3,TB6SMFFM,"TB3SMFFM, TB6SMFFM, TED_Spread_Proxy"
58,417,3,TB3MS,"GS1, TB3MS, TB6MS"
264,179,3,IPFINAL_accel_12M,"IPCONGD_accel_12M, IPFINAL_accel_12M, IPFPNSS_accel_12M"
20,9,3,UEMP15OV_zscore_12M,"UEMP15OV, UEMP15OV_zscore_12M, UEMP15OV_zscore_6M"
497,341,3,PERMITW_zscore_12M,"PERMITW_chg_3M, PERMITW_zscore_12M, PERMITW_zscore_6M"
107,353,3,Real_Fed_Funds_chg_12M,"Real_1Y_Yield_chg_12M, Real_3M_Rate_chg_12M, Real_Fed_Funds_chg_12M"
25,483,3,DMANEMP,"DMANEMP, MANEMP, USGOOD"
105,355,3,Real_Fed_Funds_chg_3M,"Real_1Y_Yield_chg_3M, Real_3M_Rate_chg_3M, Real_Fed_Funds_chg_3M"
106,351,3,Real_Fed_Funds_chg_6M,"Real_1Y_Yield_chg_6M, Real_3M_Rate_chg_6M, Real_Fed_Funds_chg_6M"
261,213,3,IPCONGD_chg_6M,"IPCONGD_chg_6M, IPFINAL_chg_6M, IPFPNSS_chg_6M"
262,212,3,IPCONGD_accel_6M,"IPCONGD_accel_6M, IPFINAL_accel_6M, IPFPNSS_accel_6M"
263,180,3,IPCONGD_chg_12M,"IPCONGD_chg_12M, IPFINAL_chg_12M, IPFPNSS_chg_12M"
260,238,3,IPFINAL_zscore_3M,"IPCONGD_zscore_3M, IPFINAL_zscore_3M, IPFPNSS_zscore_3M"
23,162,3,CLAIMSx_zscore_12M,"CLAIMSx, CLAIMSx_zscore_12M, CLAIMSx_zscore_6M"
622,359,3,T1YFFM_accel_3M,"T1YFFM_accel_3M, TB3SMFFM_accel_3M, TB6SMFFM_accel_3M"
303,46,3,HWIURATIO_zscore_12M,"HWIURATIO_zscore_12M, HWIURATIO_zscore_3M, HWIURATIO_zscore_6M"
302,41,2,HWIURATIO_accel_3M,"HWIURATIO_accel_3M, HWIURATIO_chg_3M"
314,55,2,UNRATE_accel_3M,"UNRATE_accel_3M, UNRATE_chg_3M"
313,25,2,CE16OV_accel_12M,"CE16OV_accel_12M, CE16OV_chg_12M"
299,39,2,HWI_accel_6M,"HWI_accel_6M, HWI_chg_6M"
603,428,2,GS10_zscore_3M,"GS10_zscore_3M, GS5_zscore_3M"
619,368,2,COMPAPFFx_zscore_12M,"COMPAPFFx_zscore_12M, COMPAPFFx_zscore_6M"
312,24,2,CE16OV_accel_6M,"CE16OV_accel_6M, CE16OV_chg_6M"
597,419,2,TB3MS_zscore_12M,"TB3MS_zscore_12M, TB3MS_zscore_6M"
304,40,2,HWIURATIO_accel_6M,"HWIURATIO_accel_6M, HWIURATIO_chg_6M"
310,28,2,CE16OV_accel_3M,"CE16OV_accel_3M, CE16OV_chg_3M"
309,26,2,CLF16OV_accel_12M,"CLF16OV_accel_12M, CLF16OV_chg_12M"
360,248,2,USGOOD_zscore_12M,"USGOOD_zscore_12M, USGOOD_zscore_6M"
308,23,2,CLF16OV_accel_6M,"CLF16OV_accel_6M, CLF16OV_chg_6M"
319,16,2,UEMPMEAN_accel_3M,"UEMPMEAN_accel_3M, UEMPMEAN_chg_3M"
600,421,2,GS1_zscore_3M,"GS1_zscore_3M, TB6MS_zscore_3M"
368,83,2,CES1021000001_zscore_12M,"CES1021000001_zscore_12M, CES1021000001_zscore_6M"
307,27,2,CLF16OV_accel_3M,"CLF16OV_accel_3M, CLF16OV_chg_3M"
318,57,2,UNRATE_accel_12M,"UNRATE_accel_12M, UNRATE_chg_12M"
324,54,2,UEMPLT5_accel_3M,"UEMPLT5_accel_3M, UEMPLT5_chg_3M"
354,184,2,SRVPRD_accel_12M,"PAYEMS_accel_12M, SRVPRD_accel_12M"
376,258,2,USCONS_zscore_12M,"USCONS_zscore_12M, USCONS_zscore_6M"
325,51,2,UEMPLT5_accel_6M,"UEMPLT5_accel_6M, UEMPLT5_chg_6M"
326,56,2,UEMPLT5_accel_12M,"UEMPLT5_accel_12M, UEMPLT5_chg_12M"
295,737,2,IPFUELS_accel_6M,"IPFUELS_accel_6M, IPFUELS_chg_6M"
327,34,2,UEMP5TO14_accel_3M,"UEMP5TO14_accel_3M, UEMP5TO14_chg_3M"
328,32,2,UEMP5TO14_accel_6M,"UEMP5TO14_accel_6M, UEMP5TO14_chg_6M"
329,33,2,UEMP5TO14_accel_12M,"UEMP5TO14_accel_12M, UEMP5TO14_chg_12M"
330,2,2,UEMP15OV_accel_3M,"UEMP15OV_accel_3M, UEMP15OV_chg_3M"
611,401,2,AAA_chg_12M,"AAA_chg_12M, BAA_chg_12M"
332,6,2,UEMP15OV_accel_6M,"UEMP15OV_accel_6M, UEMP15OV_chg_6M"
333,4,2,UEMP15OV_accel_12M,"UEMP15OV_accel_12M, UEMP15OV_chg_12M"
334,1,2,UEMP15T26_accel_3M,"UEMP15T26_accel_3M, UEMP15T26_chg_3M"
323,17,2,UEMPMEAN_accel_12M,"UEMPMEAN_accel_12M, UEMPMEAN_chg_12M"
336,5,2,UEMP15T26_accel_6M,"UEMP15T26_accel_6M, UEMP15T26_chg_6M"
337,3,2,UEMP15T26_accel_12M,"UEMP15T26_accel_12M, UEMP15T26_chg_12M"
353,183,2,SRVPRD_chg_12M,"PAYEMS_chg_12M, SRVPRD_chg_12M"
338,15,2,UEMP27OV_accel_3M,"UEMP27OV_accel_3M, UEMP27OV_chg_3M"
609,435,2,AAA_accel_6M,"AAA_accel_6M, BAA_accel_6M"
608,436,2,AAA_chg_6M,"AAA_chg_6M, BAA_chg_6M"
342,20,2,UEMP27OV_accel_12M,"UEMP27OV_accel_12M, UEMP27OV_chg_12M"
343,161,2,CLAIMSx_accel_3M,"CLAIMSx_accel_3M, CLAIMSx_chg_3M"
345,159,2,CLAIMSx_accel_6M,"CLAIMSx_accel_6M, CLAIMSx_chg_6M"
346,160,2,CLAIMSx_accel_12M,"CLAIMSx_accel_12M, CLAIMSx_chg_12M"
347,270,2,SRVPRD_chg_3M,"PAYEMS_chg_3M, SRVPRD_chg_3M"
348,269,2,SRVPRD_accel_3M,"PAYEMS_accel_3M, SRVPRD_accel_3M"
296,739,2,IPFUELS_accel_12M,"IPFUELS_accel_12M, IPFUELS_chg_12M"
350,194,2,SRVPRD_chg_6M,"PAYEMS_chg_6M, SRVPRD_chg_6M"
351,195,2,SRVPRD_accel_6M,"PAYEMS_accel_6M, SRVPRD_accel_6M"
612,402,2,AAA_accel_12M,"AAA_accel_12M, BAA_accel_12M"
297,42,2,HWI_accel_3M,"HWI_accel_3M, HWI_chg_3M"
430,165,2,AWHMAN_accel_12M,"AWHMAN_accel_12M, CES0600000007_accel_12M"
589,415,2,CP3Mx_zscore_12M,"CP3Mx_zscore_12M, CP3Mx_zscore_6M"
462,337,2,HOUSTS_zscore_12M,"HOUSTS_zscore_12M, HOUSTS_zscore_6M"
474,345,2,PERMITS_chg_6M,"PERMITS_chg_6M, PERMIT_chg_6M"
539,595,2,M2REAL_accel_3M,"M2REAL_accel_3M, M2REAL_chg_3M"
471,344,2,PERMITS_chg_3M,"PERMITS_chg_3M, PERMIT_chg_3M"
541,592,2,M2REAL_accel_6M,"M2REAL_accel_6M, M2REAL_chg_6M"
469,317,2,HOUSTW_chg_12M,"HOUSTW_chg_12M, PERMITW_chg_12M"
468,326,2,HOUSTW_zscore_12M,"HOUSTW_zscore_12M, HOUSTW_zscore_6M"
542,596,2,M2REAL_zscore_12M,"M2REAL_zscore_12M, M2REAL_zscore_6M"
545,546,2,BOGMBASE_accel_3M,"BOGMBASE_accel_3M, BOGMBASE_chg_3M"
546,548,2,BOGMBASE_accel_6M,"BOGMBASE_accel_6M, BOGMBASE_chg_6M"
547,541,2,TOTRESNS_chg_12M,"BOGMBASE_chg_12M, TOTRESNS_chg_12M"
476,347,2,PERMIT_zscore_12M,"PERMIT_zscore_12M, PERMIT_zscore_6M"
549,547,2,TOTRESNS_accel_3M,"TOTRESNS_accel_3M, TOTRESNS_chg_3M"
550,549,2,TOTRESNS_accel_6M,"TOTRESNS_accel_6M, TOTRESNS_chg_6M"
456,312,2,HOUSTMW_zscore_12M,"HOUSTMW_zscore_12M, HOUSTMW_zscore_6M"
552,545,2,NONBORRES_accel_3M,"NONBORRES_accel_3M, NONBORRES_chg_3M"
554,544,2,NONBORRES_accel_6M,"NONBORRES_accel_6M, NONBORRES_chg_6M"
452,311,2,HOUSTMW_accel_3M,"HOUSTMW_accel_3M, HOUSTMW_chg_3M"
449,296,2,HOUSTNE_zscore_12M,"HOUSTNE_zscore_12M, HOUSTNE_zscore_6M"
557,718,2,BUSLOANS_accel_3M,"BUSLOANS_accel_3M, BUSLOANS_chg_3M"
558,717,2,BUSLOANS_accel_6M,"BUSLOANS_accel_6M, BUSLOANS_chg_6M"
475,299,2,PERMITS_accel_6M,"PERMITS_accel_6M, PERMIT_accel_6M"
477,319,2,PERMITS_accel_12M,"PERMITS_accel_12M, PERMIT_accel_12M"
445,295,2,HOUSTNE_accel_3M,"HOUSTNE_accel_3M, HOUSTNE_chg_3M"
526,74,2,BUSINVx_zscore_12M,"BUSINVx_zscore_12M, BUSINVx_zscore_6M"
510,93,2,ANDENOx_accel_3M,"ANDENOx_accel_3M, ANDENOx_chg_3M"
509,100,2,AMDMNOx_accel_12M,"AMDMNOx_accel_12M, AMDMNOx_chg_12M"
508,88,2,AMDMNOx_accel_6M,"AMDMNOx_accel_6M, AMDMNOx_chg_6M"
507,92,2,AMDMNOx_accel_3M,"AMDMNOx_accel_3M, AMDMNOx_chg_3M"
506,150,2,ACOGNO_accel_12M,"ACOGNO_accel_12M, ACOGNO_chg_12M"
505,588,2,ACOGNO_accel_6M,"ACOGNO_accel_6M, ACOGNO_chg_6M"
503,589,2,ACOGNO_accel_3M,"ACOGNO_accel_3M, ACOGNO_chg_3M"
518,96,2,AMDMUOx_zscore_12M,"AMDMUOx_zscore_12M, AMDMUOx_zscore_6M"
496,346,2,PERMITS_zscore_12M,"PERMITS_zscore_12M, PERMITS_zscore_6M"
491,330,2,PERMITMW_zscore_12M,"PERMITMW_zscore_12M, PERMITMW_zscore_6M"
538,560,2,M2SL_accel_12M,"M2SL_accel_12M, M2SL_chg_12M"
527,73,2,BUSINVx_accel_12M,"BUSINVx_accel_12M, BUSINVx_chg_12M"
528,138,2,ISRATIOx_accel_3M,"ISRATIOx_accel_3M, ISRATIOx_chg_3M"
530,191,2,ISRATIOx_accel_6M,"ISRATIOx_accel_6M, ISRATIOx_chg_6M"
531,151,2,ISRATIOx_accel_12M,"ISRATIOx_accel_12M, ISRATIOx_chg_12M"
532,564,2,M1SL_accel_3M,"M1SL_accel_3M, M1SL_chg_3M"
533,559,2,M1SL_accel_6M,"M1SL_accel_6M, M1SL_chg_6M"
483,307,2,PERMITNE_zscore_12M,"PERMITNE_zscore_12M, PERMITNE_zscore_6M"
536,563,2,M2SL_accel_3M,"M2SL_accel_3M, M2SL_chg_3M"
537,558,2,M2SL_accel_6M,"M2SL_accel_6M, M2SL_chg_6M"
559,719,2,BUSLOANS_accel_12M,"BUSLOANS_accel_12M, BUSLOANS_chg_12M"
444,318,2,HOUSTS_accel_12M,"HOUSTS_accel_12M, HOUST_accel_12M"
588,438,2,CP3Mx_accel_6M,"CP3Mx_accel_6M, CP3Mx_chg_6M"
581,437,2,FEDFUNDS_accel_6M,"FEDFUNDS_accel_6M, FEDFUNDS_chg_6M"
569,115,2,CONSPI_accel_6M,"CONSPI_accel_6M, CONSPI_chg_6M"
570,120,2,CONSPI_zscore_12M,"CONSPI_zscore_12M, CONSPI_zscore_6M"
410,274,2,USTRADE_zscore_12M,"USTRADE_zscore_12M, USTRADE_zscore_6M"
406,265,2,USWTRADE_zscore_12M,"USWTRADE_zscore_12M, USWTRADE_zscore_6M"
400,182,2,USTRADE_accel_12M,"USTPU_accel_12M, USTRADE_accel_12M"
399,181,2,USTRADE_chg_12M,"USTPU_chg_12M, USTRADE_chg_12M"
398,275,2,USTPU_zscore_12M,"USTPU_zscore_12M, USTPU_zscore_6M"
397,197,2,USTRADE_accel_6M,"USTPU_accel_6M, USTRADE_accel_6M"
396,196,2,USTRADE_chg_6M,"USTPU_chg_6M, USTRADE_chg_6M"
394,267,2,USTRADE_accel_3M,"USTPU_accel_3M, USTRADE_accel_3M"
419,701,2,USGOVT_accel_3M,"USGOVT_accel_3M, USGOVT_chg_3M"
393,268,2,USTRADE_chg_3M,"USTPU_chg_3M, USTRADE_chg_3M"
582,397,2,FEDFUNDS_zscore_12M,"FEDFUNDS_zscore_12M, FEDFUNDS_zscore_6M"
391,187,2,NDMANEMP_accel_12M,"NDMANEMP_accel_12M, NDMANEMP_chg_12M"
390,242,2,NDMANEMP_zscore_12M,"NDMANEMP_zscore_12M, NDMANEMP_zscore_6M"
383,202,2,DMANEMP_accel_6M,"DMANEMP_accel_6M, MANEMP_accel_6M"
382,200,2,DMANEMP_chg_6M,"DMANEMP_chg_6M, MANEMP_chg_6M"
381,251,2,DMANEMP_zscore_3M,"DMANEMP_zscore_3M, MANEMP_zscore_3M"
380,246,2,DMANEMP_accel_3M,"DMANEMP_accel_3M, MANEMP_accel_3M"
379,247,2,DMANEMP_chg_3M,"DMANEMP_chg_3M, MANEMP_chg_3M"
416,67,2,USFIRE_zscore_12M,"USFIRE_zscore_12M, USFIRE_zscore_6M"
565,728,2,NONREVSL_accel_12M,"NONREVSL_accel_12M, NONREVSL_chg_12M"
442,335,2,HOUST_zscore_12M,"HOUST_zscore_12M, HOUST_zscore_6M"
432,156,2,AWOTMAN_accel_3M,"AWOTMAN_accel_3M, AWOTMAN_chg_3M"
441,298,2,HOUSTS_accel_6M,"HOUSTS_accel_6M, HOUST_accel_6M"
440,334,2,HOUSTS_chg_6M,"HOUSTS_chg_6M, HOUST_chg_6M"
560,722,2,REALLN_accel_3M,"REALLN_accel_3M, REALLN_chg_3M"
561,721,2,REALLN_accel_6M,"REALLN_accel_6M, REALLN_chg_6M"
562,723,2,REALLN_accel_12M,"REALLN_accel_12M, REALLN_chg_12M"
436,173,2,AWHMAN_zscore_6M,"AWHMAN_zscore_3M, AWHMAN_zscore_6M"
563,726,2,NONREVSL_accel_3M,"NONREVSL_accel_3M, NONREVSL_chg_3M"
434,155,2,AWOTMAN_accel_12M,"AWOTMAN_accel_12M, AWOTMAN_chg_12M"
433,157,2,AWOTMAN_accel_6M,"AWOTMAN_accel_6M, AWOTMAN_chg_6M"
431,171,2,AWHMAN_zscore_12M,"AWHMAN_zscore_12M, CES0600000007_zscore_12M"
421,699,2,USGOVT_accel_6M,"USGOVT_accel_6M, USGOVT_chg_6M"
293,106,2,IPB51222S_accel_12M,"IPB51222S_accel_12M, IPB51222S_chg_12M"
429,164,2,AWHMAN_chg_12M,"AWHMAN_chg_12M, CES0600000007_chg_12M"
428,169,2,AWHMAN_accel_6M,"AWHMAN_accel_6M, CES0600000007_accel_6M"
427,170,2,AWHMAN_chg_6M,"AWHMAN_chg_6M, CES0600000007_chg_6M"
426,174,2,CES0600000007_zscore_6M,"CES0600000007_zscore_3M, CES0600000007_zscore_6M"
564,725,2,NONREVSL_accel_6M,"NONREVSL_accel_6M, NONREVSL_chg_6M"
424,172,2,AWHMAN_chg_3M,"AWHMAN_chg_3M, CES0600000007_chg_3M"
423,700,2,USGOVT_accel_12M,"USGOVT_accel_12M, USGOVT_chg_12M"
422,702,2,USGOVT_zscore_12M,"USGOVT_zscore_12M, USGOVT_zscore_6M"
294,738,2,IPFUELS_accel_3M,"IPFUELS_accel_3M, IPFUELS_chg_3M"
0,127,2,RPI,"RPI, W875RX1"
292,104,2,IPB51222S_accel_6M,"IPB51222S_accel_6M, IPB51222S_chg_6M"
670,671,2,PPICMM_accel_3M,"PPICMM_accel_3M, PPICMM_chg_3M"
156,469,2,VIXCLSx_Q1,"VIXCLSx_Q1, VIXCLSx_extreme_low"
695,573,2,CUSR0000SAD_accel_12M,"CUSR0000SAD_accel_12M, CUSR0000SAD_chg_12M"
696,585,2,CUSR0000SAS_accel_3M,"CUSR0000SAS_accel_3M, CUSR0000SAS_chg_3M"
697,584,2,CUSR0000SAS_accel_6M,"CUSR0000SAS_accel_6M, CUSR0000SAS_chg_6M"
151,521,2,AAA_10Y_Spread_Q1,"AAA_10Y_Spread_Q1, AAA_10Y_Spread_extreme_low"
698,586,2,CUSR0000SAS_accel_12M,"CUSR0000SAS_accel_12M, CUSR0000SAS_chg_12M"
699,623,2,CPIULFSL_accel_3M,"CPIULFSL_accel_3M, CPIULFSL_chg_3M"
700,602,2,CPIULFSL_accel_6M,"CPIULFSL_accel_6M, CPIULFSL_chg_6M"
146,517,2,BAA_10Y_Spread_Q1,"BAA_10Y_Spread_Q1, BAA_10Y_Spread_extreme_low"
701,619,2,CPIULFSL_accel_12M,"CPIULFSL_accel_12M, CPIULFSL_chg_12M"
702,627,2,CUSR0000SA0L2_accel_3M,"CUSR0000SA0L2_accel_3M, CUSR0000SA0L2_chg_3M"
703,607,2,CUSR0000SA0L2_accel_6M,"CUSR0000SA0L2_accel_6M, CUSR0000SA0L2_chg_6M"
704,616,2,CUSR0000SA0L5_accel_12M,"CUSR0000SA0L5_accel_12M, CUSR0000SA0L5_chg_12M"
705,625,2,PCEPI_accel_3M,"PCEPI_accel_3M, PCEPI_chg_3M"
706,604,2,PCEPI_accel_6M,"PCEPI_accel_6M, PCEPI_chg_6M"
707,614,2,PCEPI_accel_12M,"PCEPI_accel_12M, PCEPI_chg_12M"
137,481,2,FEDFUNDS_Q3,"FEDFUNDS_Q3, TB3MS_Q3"
708,568,2,DDURRG3M086SBEA_accel_3M,"DDURRG3M086SBEA_accel_3M, DDURRG3M086SBEA_chg_3M"
134,501,2,GS5_Q4,"GS10_Q4, GS5_Q4"
694,571,2,CUSR0000SAD_accel_6M,"CUSR0000SAD_accel_6M, CUSR0000SAD_chg_6M"
693,572,2,CUSR0000SAD_accel_3M,"CUSR0000SAD_accel_3M, CUSR0000SAD_chg_3M"
160,468,2,VIXCLSx_Q5,"VIXCLSx_Q5, VIXCLSx_extreme_high"
682,603,2,CPITRNSL_accel_6M,"CPITRNSL_accel_6M, CPITRNSL_chg_6M"
672,669,2,PPICMM_accel_12M,"PPICMM_accel_12M, PPICMM_chg_12M"
674,609,2,CUSR0000SA0L5_chg_6M,"CPIAUCSL_chg_6M, CUSR0000SA0L5_chg_6M"
675,606,2,CUSR0000SA0L5_accel_6M,"CPIAUCSL_accel_6M, CUSR0000SA0L5_accel_6M"
676,615,2,CPIAUCSL_accel_12M,"CPIAUCSL_accel_12M, CPIAUCSL_chg_12M"
677,577,2,CPIAPPSL_accel_3M,"CPIAPPSL_accel_3M, CPIAPPSL_chg_3M"
180,489,2,PERMIT_Q5,"PERMIT_Q5, PERMIT_extreme_high"
680,578,2,CPIAPPSL_accel_12M,"CPIAPPSL_accel_12M, CPIAPPSL_chg_12M"
681,624,2,CPITRNSL_accel_3M,"CPITRNSL_accel_3M, CPITRNSL_chg_3M"
291,105,2,IPB51222S_accel_3M,"IPB51222S_accel_3M, IPB51222S_chg_3M"
690,605,2,DNDGRG3M086SBEA_accel_6M,"CUSR0000SAC_accel_6M, DNDGRG3M086SBEA_accel_6M"
683,620,2,CPITRNSL_accel_12M,"CPITRNSL_accel_12M, CPITRNSL_chg_12M"
684,742,2,CPIMEDSL_accel_3M,"CPIMEDSL_accel_3M, CPIMEDSL_chg_3M"
685,741,2,CPIMEDSL_accel_6M,"CPIMEDSL_accel_6M, CPIMEDSL_chg_6M"
686,743,2,CPIMEDSL_accel_12M,"CPIMEDSL_accel_12M, CPIMEDSL_chg_12M"
687,629,2,DNDGRG3M086SBEA_chg_3M,"CUSR0000SAC_chg_3M, DNDGRG3M086SBEA_chg_3M"
688,628,2,DNDGRG3M086SBEA_accel_3M,"CUSR0000SAC_accel_3M, DNDGRG3M086SBEA_accel_3M"
165,509,2,UNRATE_Q5,"UNRATE_Q5, UNRATE_extreme_high"
689,608,2,DNDGRG3M086SBEA_chg_6M,"CUSR0000SAC_chg_6M, DNDGRG3M086SBEA_chg_6M"
709,570,2,DDURRG3M086SBEA_accel_6M,"DDURRG3M086SBEA_accel_6M, DDURRG3M086SBEA_chg_6M"
132,505,2,GS10_Q2,"GS10_Q2, GS5_Q2"
710,567,2,DDURRG3M086SBEA_accel_12M,"DDURRG3M086SBEA_accel_12M, DDURRG3M086SBEA_chg_12M"
37,494,2,HOUSTMW,"HOUSTMW, PERMITMW"
60,425,2,AAA,"AAA, BAA"
726,646,2,UMCSENTx_accel_12M,"UMCSENTx_accel_12M, UMCSENTx_chg_12M"
727,733,2,DTCOLNVHFNM_accel_3M,"DTCOLNVHFNM_accel_3M, DTCOLNVHFNM_chg_3M"
728,732,2,DTCOLNVHFNM_accel_6M,"DTCOLNVHFNM_accel_6M, DTCOLNVHFNM_chg_6M"
729,730,2,DTCOLNVHFNM_accel_12M,"DTCOLNVHFNM_accel_12M, DTCOLNVHFNM_chg_12M"
730,735,2,DTCTHFNM_accel_3M,"DTCTHFNM_accel_3M, DTCTHFNM_chg_3M"
731,731,2,DTCTHFNM_accel_6M,"DTCTHFNM_accel_6M, DTCTHFNM_chg_6M"
38,492,2,PERMITS,"HOUSTS, PERMITS"
36,495,2,HOUSTNE,"HOUSTNE, PERMITNE"
96,470,2,VIXCLSx,"VIXCLSx, VIXCLSx_quintile"
33,511,2,AWHMAN,"AWHMAN, CES0600000007"
732,729,2,DTCTHFNM_accel_12M,"DTCTHFNM_accel_12M, DTCTHFNM_chg_12M"
733,554,2,INVEST_accel_3M,"INVEST_accel_3M, INVEST_chg_3M"
734,556,2,INVEST_accel_6M,"INVEST_accel_6M, INVEST_chg_6M"
29,486,2,USTRADE,"USTPU, USTRADE"
735,555,2,INVEST_accel_12M,"INVEST_accel_12M, INVEST_chg_12M"
24,485,2,SRVPRD,"PAYEMS, SRVPRD"
741,667,2,VIXCLSx_zscore_12M,"VIXCLSx_zscore_12M, VIXCLSx_zscore_6M"
725,645,2,UMCSENTx_accel_6M,"UMCSENTx_accel_6M, UMCSENTx_chg_6M"
723,647,2,UMCSENTx_accel_3M,"UMCSENTx_accel_3M, UMCSENTx_chg_3M"
127,432,2,BAA_10Y_Spread_chg_6M,"AAA_10Y_Spread_chg_6M, BAA_10Y_Spread_chg_6M"
716,716,2,CES0600000008_accel_12M,"CES0600000008_accel_12M, CES0600000008_chg_12M"
126,433,2,BAA_10Y_Spread_chg_3M,"AAA_10Y_Spread_chg_3M, BAA_10Y_Spread_chg_3M"
125,427,2,BAA_10Y_Spread_chg_1M,"AAA_10Y_Spread_chg_1M, BAA_10Y_Spread_chg_1M"
124,380,2,Yield_Curve_10Y_3M_chg_1M,"YC_10Y_3M_chg_1M, Yield_Curve_10Y_3M_chg_1M"
711,583,2,DSERRG3M086SBEA_accel_3M,"DSERRG3M086SBEA_accel_3M, DSERRG3M086SBEA_chg_3M"
712,580,2,DSERRG3M086SBEA_accel_6M,"DSERRG3M086SBEA_accel_6M, DSERRG3M086SBEA_chg_6M"
713,581,2,DSERRG3M086SBEA_accel_12M,"DSERRG3M086SBEA_accel_12M, DSERRG3M086SBEA_chg_12M"
714,711,2,CES0600000008_accel_3M,"CES0600000008_accel_3M, CES0600000008_chg_3M"
715,710,2,CES0600000008_accel_6M,"CES0600000008_accel_6M, CES0600000008_chg_6M"
717,705,2,CES2000000008_accel_3M,"CES2000000008_accel_3M, CES2000000008_chg_3M"
100,534,2,BAA_10Y_Spread,"AAA_10Y_Spread, BAA_10Y_Spread"
718,706,2,CES2000000008_accel_6M,"CES2000000008_accel_6M, CES2000000008_chg_6M"
719,708,2,CES2000000008_accel_12M,"CES2000000008_accel_12M, CES2000000008_chg_12M"
720,712,2,CES3000000008_accel_3M,"CES3000000008_accel_3M, CES3000000008_chg_3M"
721,709,2,CES3000000008_accel_6M,"CES3000000008_accel_6M, CES3000000008_chg_6M"
722,715,2,CES3000000008_accel_12M,"CES3000000008_accel_12M, CES3000000008_chg_12M"
104,352,2,Real_5Y_Yield_chg_12M,"Real_10Y_Yield_chg_12M, Real_5Y_Yield_chg_12M"
103,350,2,Real_5Y_Yield_chg_6M,"Real_10Y_Yield_chg_6M, Real_5Y_Yield_chg_6M"
102,354,2,Real_5Y_Yield_chg_3M,"Real_10Y_Yield_chg_3M, Real_5Y_Yield_chg_3M"
671,670,2,PPICMM_accel_6M,"PPICMM_accel_6M, PPICMM_chg_6M"
174,490,2,HOUST_Q5,"HOUST_Q5, HOUST_extreme_high"
669,601,2,OILPRICEx_accel_12M,"OILPRICEx_accel_12M, OILPRICEx_chg_12M"
238,117,2,W875RX1_accel_6M,"W875RX1_accel_6M, W875RX1_chg_6M"
247,152,2,CMRMTSPLx_accel_12M,"CMRMTSPLx_accel_12M, CMRMTSPLx_chg_12M"
246,190,2,CMRMTSPLx_accel_6M,"CMRMTSPLx_accel_6M, CMRMTSPLx_chg_6M"
632,385,2,T10YFFM_zscore_3M,"T10YFFM_zscore_3M, T5YFFM_zscore_3M"
244,137,2,CMRMTSPLx_accel_3M,"CMRMTSPLx_accel_3M, CMRMTSPLx_chg_3M"
668,612,2,OILPRICEx_accel_6M,"OILPRICEx_accel_6M, OILPRICEx_chg_6M"
242,193,2,DPCERA3M086SBEA_accel_6M,"DPCERA3M086SBEA_accel_6M, DPCERA3M086SBEA_chg_6M"
241,139,2,DPCERA3M086SBEA_accel_3M,"DPCERA3M086SBEA_accel_3M, DPCERA3M086SBEA_chg_3M"
240,113,2,W875RX1_accel_12M,"W875RX1_accel_12M, W875RX1_chg_12M"
239,128,2,W875RX1_zscore_12M,"W875RX1_zscore_12M, W875RX1_zscore_6M"
236,123,2,W875RX1_accel_3M,"W875RX1_accel_3M, W875RX1_chg_3M"
639,684,2,TWEXAFEGSMTHx_accel_6M,"TWEXAFEGSMTHx_accel_6M, TWEXAFEGSMTHx_chg_6M"
235,114,2,RPI_accel_12M,"RPI_accel_12M, RPI_chg_12M"
234,129,2,RPI_zscore_12M,"RPI_zscore_12M, RPI_zscore_6M"
233,116,2,RPI_accel_6M,"RPI_accel_6M, RPI_chg_6M"
231,124,2,RPI_accel_3M,"RPI_accel_3M, RPI_chg_3M"
636,386,2,AAAFFM_zscore_3M,"AAAFFM_zscore_3M, BAAFFM_zscore_3M"
637,691,2,TWEXAFEGSMTHx_accel_3M,"TWEXAFEGSMTHx_accel_3M, TWEXAFEGSMTHx_chg_3M"
226,430,2,ECT_yields5_inflation_chg_6M,"ECT_yields5_inflation_chg_6M, ECT_yields_inflation_chg_6M"
225,431,2,ECT_yields5_inflation_chg_3M,"ECT_yields5_inflation_chg_3M, ECT_yields_inflation_chg_3M"
224,529,2,ECT_yields5_inflation_zscore,"ECT_yields5_inflation_zscore, ECT_yields_inflation_zscore"
248,140,2,RETAILx_accel_3M,"RETAILx_accel_3M, RETAILx_chg_3M"
249,192,2,RETAILx_accel_6M,"RETAILx_accel_6M, RETAILx_chg_6M"
250,141,2,RETAILx_accel_12M,"RETAILx_accel_12M, RETAILx_chg_12M"
514,91,2,AMDMUOx_accel_3M,"AMDMUOx_accel_3M, AMDMUOx_chg_3M"
290,236,2,CUMFNS_zscore_3M,"CUMFNS_zscore_3M, IPMANSICS_zscore_3M"
289,214,2,IPNMAT_accel_12M,"IPNMAT_accel_12M, IPNMAT_chg_12M"
288,204,2,IPNMAT_accel_6M,"IPNMAT_accel_6M, IPNMAT_chg_6M"
286,215,2,IPNMAT_accel_3M,"IPNMAT_accel_3M, IPNMAT_chg_3M"
285,228,2,IPDMAT_zscore_12M,"IPDMAT_zscore_12M, IPDMAT_zscore_6M"
283,220,2,IPDMAT_accel_3M,"IPDMAT_accel_3M, IPDMAT_chg_3M"
282,230,2,IPMAT_zscore_12M,"IPMAT_zscore_12M, IPMAT_zscore_6M"
625,361,2,TB3SMFFM_zscore_12M,"TB3SMFFM_zscore_12M, TB3SMFFM_zscore_6M"
278,219,2,IPMAT_accel_3M,"IPMAT_accel_3M, IPMAT_chg_3M"
277,175,2,IPBUSEQ_accel_12M,"IPBUSEQ_accel_12M, IPBUSEQ_chg_12M"
276,225,2,IPBUSEQ_zscore_12M,"IPBUSEQ_zscore_12M, IPBUSEQ_zscore_6M"
628,363,2,T1YFFM_zscore_3M,"T1YFFM_zscore_3M, TB6SMFFM_zscore_3M"
272,218,2,IPBUSEQ_accel_3M,"IPBUSEQ_accel_3M, IPBUSEQ_chg_3M"
271,108,2,IPNCONGD_accel_12M,"IPNCONGD_accel_12M, IPNCONGD_chg_12M"
270,103,2,IPNCONGD_accel_6M,"IPNCONGD_accel_6M, IPNCONGD_chg_6M"
269,109,2,IPNCONGD_accel_3M,"IPNCONGD_accel_3M, IPNCONGD_chg_3M"
268,178,2,IPDCONGD_accel_12M,"IPDCONGD_accel_12M, IPDCONGD_chg_12M"
267,211,2,IPDCONGD_accel_6M,"IPDCONGD_accel_6M, IPDCONGD_chg_6M"
265,223,2,IPDCONGD_accel_3M,"IPDCONGD_accel_3M, IPDCONGD_chg_3M"
223,519,2,ECT_yields_inflation,"ECT_yields5_inflation, ECT_yields_inflation"
243,142,2,DPCERA3M086SBEA_accel_12M,"DPCERA3M086SBEA_accel_12M, DPCERA3M086SBEA_chg_12M"
640,680,2,TWEXAFEGSMTHx_accel_12M,"TWEXAFEGSMTHx_accel_12M, TWEXAFEGSMTHx_chg_12M"
652,683,2,EXUSUKx_accel_6M,"EXUSUKx_accel_6M, EXUSUKx_chg_6M"
667,599,2,OILPRICEx_accel_3M,"OILPRICEx_accel_3M, OILPRICEx_chg_3M"
666,644,2,WPSID62_accel_12M,"WPSID62_accel_12M, WPSID62_chg_12M"
665,613,2,WPSID62_accel_6M,"WPSID62_accel_6M, WPSID62_chg_6M"
664,638,2,WPSID62_accel_3M,"WPSID62_accel_3M, WPSID62_chg_3M"
663,622,2,WPSID61_accel_12M,"WPSID61_accel_12M, WPSID61_chg_12M"
662,610,2,WPSID61_accel_6M,"WPSID61_accel_6M, WPSID61_chg_6M"
641,692,2,EXSZUSx_accel_3M,"EXSZUSx_accel_3M, EXSZUSx_chg_3M"
661,639,2,WPSID61_accel_3M,"WPSID61_accel_3M, WPSID61_chg_3M"
202,659,2,VIXCLSx_quintile_chg,"VIXCLSx_quintile_chg, VIXCLSx_regime_down"
657,674,2,EXCAUSx_accel_12M,"EXCAUSx_accel_12M, EXCAUSx_chg_12M"
656,673,2,EXCAUSx_accel_6M,"EXCAUSx_accel_6M, EXCAUSx_chg_6M"
654,675,2,EXCAUSx_accel_3M,"EXCAUSx_accel_3M, EXCAUSx_chg_3M"
653,679,2,EXUSUKx_accel_12M,"EXUSUKx_accel_12M, EXUSUKx_chg_12M"
513,99,2,ANDENOx_accel_12M,"ANDENOx_accel_12M, ANDENOx_chg_12M"
644,681,2,EXSZUSx_accel_12M,"EXSZUSx_accel_12M, EXSZUSx_chg_12M"
643,685,2,EXSZUSx_accel_6M,"EXSZUSx_accel_6M, EXSZUSx_chg_6M"
648,682,2,EXJPUSx_accel_6M,"EXJPUSx_accel_6M, EXJPUSx_chg_6M"
650,690,2,EXUSUKx_accel_3M,"EXUSUKx_accel_3M, EXUSUKx_chg_3M"
649,678,2,EXJPUSx_accel_12M,"EXJPUSx_accel_12M, EXJPUSx_chg_12M"
621,377,1,COMPAPFFx_accel_12M,COMPAPFFx_accel_12M
584,404,1,FEDFUNDS_accel_12M,FEDFUNDS_accel_12M
523,75,1,BUSINVx_zscore_3M,BUSINVx_zscore_3M
524,69,1,BUSINVx_chg_6M,BUSINVx_chg_6M
525,70,1,BUSINVx_accel_6M,BUSINVx_accel_6M
583,403,1,FEDFUNDS_chg_12M,FEDFUNDS_chg_12M
620,376,1,COMPAPFFx_chg_12M,COMPAPFFx_chg_12M
522,72,1,BUSINVx_accel_3M,BUSINVx_accel_3M
623,365,1,TB3SMFFM_zscore_3M,TB3SMFFM_zscore_3M
529,147,1,ISRATIOx_zscore_3M,ISRATIOx_zscore_3M
642,696,1,EXSZUSx_zscore_3M,EXSZUSx_zscore_3M
618,372,1,COMPAPFFx_accel_6M,COMPAPFFx_accel_6M
638,695,1,TWEXAFEGSMTHx_zscore_3M,TWEXAFEGSMTHx_zscore_3M
585,411,1,CP3Mx_chg_3M,CP3Mx_chg_3M
651,694,1,EXUSUKx_zscore_3M,EXUSUKx_zscore_3M
521,71,1,BUSINVx_chg_3M,BUSINVx_chg_3M
534,561,1,M1SL_chg_12M,M1SL_chg_12M
519,94,1,AMDMUOx_chg_12M,AMDMUOx_chg_12M
736,665,1,VIXCLSx_chg_3M,VIXCLSx_chg_3M
737,666,1,VIXCLSx_accel_3M,VIXCLSx_accel_3M
517,87,1,AMDMUOx_accel_6M,AMDMUOx_accel_6M
586,412,1,CP3Mx_accel_3M,CP3Mx_accel_3M
738,668,1,VIXCLSx_zscore_3M,VIXCLSx_zscore_3M
739,663,1,VIXCLSx_chg_6M,VIXCLSx_chg_6M
740,664,1,VIXCLSx_accel_6M,VIXCLSx_accel_6M
587,416,1,CP3Mx_zscore_3M,CP3Mx_zscore_3M
742,661,1,VIXCLSx_chg_12M,VIXCLSx_chg_12M
516,86,1,AMDMUOx_chg_6M,AMDMUOx_chg_6M
515,97,1,AMDMUOx_zscore_3M,AMDMUOx_zscore_3M
520,95,1,AMDMUOx_accel_12M,AMDMUOx_accel_12M
607,423,1,AAA_zscore_3M,AAA_zscore_3M
535,562,1,M1SL_accel_12M,M1SL_accel_12M
568,121,1,CONSPI_zscore_3M,CONSPI_zscore_3M
571,111,1,CONSPI_chg_12M,CONSPI_chg_12M
572,112,1,CONSPI_accel_12M,CONSPI_accel_12M
556,540,1,NONBORRES_accel_12M,NONBORRES_accel_12M
555,539,1,NONBORRES_chg_12M,NONBORRES_chg_12M
567,119,1,CONSPI_accel_3M,CONSPI_accel_3M
553,551,1,NONBORRES_zscore_3M,NONBORRES_zscore_3M
655,677,1,EXCAUSx_zscore_3M,EXCAUSx_zscore_3M
566,118,1,CONSPI_chg_3M,CONSPI_chg_3M
551,543,1,TOTRESNS_accel_12M,TOTRESNS_accel_12M
594,422,1,TB3MS_zscore_3M,TB3MS_zscore_3M
548,542,1,BOGMBASE_accel_12M,BOGMBASE_accel_12M
578,395,1,FEDFUNDS_chg_3M,FEDFUNDS_chg_3M
579,396,1,FEDFUNDS_accel_3M,FEDFUNDS_accel_3M
613,424,1,BAA_zscore_3M,BAA_zscore_3M
544,594,1,M2REAL_accel_12M,M2REAL_accel_12M
543,593,1,M2REAL_chg_12M,M2REAL_chg_12M
614,366,1,COMPAPFFx_chg_3M,COMPAPFFx_chg_3M
580,398,1,FEDFUNDS_zscore_3M,FEDFUNDS_zscore_3M
647,689,1,EXJPUSx_zscore_3M,EXJPUSx_zscore_3M
615,367,1,COMPAPFFx_accel_3M,COMPAPFFx_accel_3M
616,369,1,COMPAPFFx_zscore_3M,COMPAPFFx_zscore_3M
646,687,1,EXJPUSx_accel_3M,EXJPUSx_accel_3M
645,686,1,EXJPUSx_chg_3M,EXJPUSx_chg_3M
724,649,1,UMCSENTx_zscore_3M,UMCSENTx_zscore_3M
591,406,1,CP3Mx_accel_12M,CP3Mx_accel_12M
590,405,1,CP3Mx_chg_12M,CP3Mx_chg_12M
679,576,1,CPIAPPSL_accel_6M,CPIAPPSL_accel_6M
617,371,1,COMPAPFFx_chg_6M,COMPAPFFx_chg_6M
678,575,1,CPIAPPSL_chg_6M,CPIAPPSL_chg_6M
540,597,1,M2REAL_zscore_3M,M2REAL_zscore_3M
372,255,1,USCONS_accel_3M,USCONS_accel_3M
512,90,1,ANDENOx_accel_6M,ANDENOx_accel_6M
201,390,1,AAA_10Y_Spread_regime_down,AAA_10Y_Spread_regime_down
199,389,1,AAA_10Y_Spread_quintile_chg,AAA_10Y_Spread_quintile_chg
198,393,1,BAA_10Y_Spread_regime_down,BAA_10Y_Spread_regime_down
197,394,1,BAA_10Y_Spread_regime_up,BAA_10Y_Spread_regime_up
196,392,1,BAA_10Y_Spread_quintile_chg,BAA_10Y_Spread_quintile_chg
195,444,1,GS5_regime_down,GS5_regime_down
194,446,1,GS5_regime_up,GS5_regime_up
193,443,1,GS5_quintile_chg,GS5_quintile_chg
192,448,1,GS1_regime_down,GS1_regime_down
191,449,1,GS1_regime_up,GS1_regime_up
190,447,1,GS1_quintile_chg,GS1_quintile_chg
189,451,1,TB3MS_regime_down,TB3MS_regime_down
188,452,1,TB3MS_regime_up,TB3MS_regime_up
187,450,1,TB3MS_quintile_chg,TB3MS_quintile_chg
186,455,1,FEDFUNDS_regime_down,FEDFUNDS_regime_down
185,454,1,FEDFUNDS_regime_up,FEDFUNDS_regime_up
184,453,1,FEDFUNDS_quintile_chg,FEDFUNDS_quintile_chg
183,442,1,GS10_regime_down,GS10_regime_down
182,445,1,GS10_regime_up,GS10_regime_up
181,441,1,GS10_quintile_chg,GS10_quintile_chg
179,497,1,PERMIT_Q4,PERMIT_Q4
178,499,1,PERMIT_Q3,PERMIT_Q3
177,500,1,PERMIT_Q2,PERMIT_Q2
173,496,1,HOUST_Q4,HOUST_Q4
172,464,1,HOUST_Q3,HOUST_Q3
171,498,1,HOUST_Q2,HOUST_Q2
200,391,1,AAA_10Y_Spread_regime_up,AAA_10Y_Spread_regime_up
203,660,1,VIXCLSx_regime_up,VIXCLSx_regime_up
266,233,1,IPDCONGD_zscore_3M,IPDCONGD_zscore_3M
204,36,1,UNRATE_quintile_chg,UNRATE_quintile_chg
245,149,1,CMRMTSPLx_zscore_3M,CMRMTSPLx_zscore_3M
237,126,1,W875RX1_zscore_3M,W875RX1_zscore_3M
232,125,1,RPI_zscore_3M,RPI_zscore_3M
230,135,1,ECT_consumption_income_chg_6M,ECT_consumption_income_chg_6M
229,134,1,ECT_consumption_income_chg_3M,ECT_consumption_income_chg_3M
228,145,1,ECT_consumption_income_chg_1M,ECT_consumption_income_chg_1M
227,136,1,ECT_consumption_income_zscore,ECT_consumption_income_zscore
222,520,1,DPCERA3M086SBEA_extreme_high,DPCERA3M086SBEA_extreme_high
221,287,1,PERMIT_regime_down,PERMIT_regime_down
220,286,1,PERMIT_regime_up,PERMIT_regime_up
219,285,1,PERMIT_quintile_chg,PERMIT_quintile_chg
218,458,1,INDPRO_regime_down,INDPRO_regime_down
217,459,1,INDPRO_regime_up,INDPRO_regime_up
216,457,1,INDPRO_quintile_chg,INDPRO_quintile_chg
215,461,1,M2REAL_regime_down,M2REAL_regime_down
214,462,1,M2REAL_regime_up,M2REAL_regime_up
213,460,1,M2REAL_quintile_chg,M2REAL_quintile_chg
212,290,1,HOUST_regime_down,HOUST_regime_down
211,289,1,HOUST_regime_up,HOUST_regime_up
210,288,1,HOUST_quintile_chg,HOUST_quintile_chg
209,652,1,UMCSENTx_regime_down,UMCSENTx_regime_down
208,651,1,UMCSENTx_regime_up,UMCSENTx_regime_up
207,650,1,UMCSENTx_quintile_chg,UMCSENTx_quintile_chg
206,37,1,UNRATE_regime_down,UNRATE_regime_down
205,38,1,UNRATE_regime_up,UNRATE_regime_up
169,513,1,UMCSENTx_Q4,UMCSENTx_Q4
168,515,1,UMCSENTx_Q3,UMCSENTx_Q3
167,516,1,UMCSENTx_Q2,UMCSENTx_Q2
164,466,1,UNRATE_Q4,UNRATE_Q4
112,130,1,Income_Per_Employee_chg_1M,Income_Per_Employee_chg_1M
111,168,1,IP_Per_Employee_chg_12M,IP_Per_Employee_chg_12M
110,167,1,IP_Per_Employee_chg_6M,IP_Per_Employee_chg_6M
109,166,1,IP_Per_Employee_chg_3M,IP_Per_Employee_chg_3M
108,357,1,Real_Fed_Funds_chg_1M,Real_Fed_Funds_chg_1M
99,510,1,BAA_AAA_Spread,BAA_AAA_Spread
63,523,1,T1YFFM,T1YFFM
61,524,1,COMPAPFFx,COMPAPFFx
57,418,1,CP3Mx,CP3Mx
56,399,1,FEDFUNDS,FEDFUNDS
54,122,1,CONSPI,CONSPI
47,598,1,M2REAL,M2REAL
43,76,1,BUSINVx,BUSINVx
42,98,1,AMDMUOx,AMDMUOx
32,704,1,USGOVT,USGOVT
31,488,1,USFIRE,USFIRE
30,487,1,USWTRADE,USWTRADE
28,484,1,NDMANEMP,NDMANEMP
27,260,1,USCONS,USCONS
26,85,1,CES1021000001,CES1021000001
22,22,1,UEMP27OV,UEMP27OV
16,60,1,UNRATE,UNRATE
13,44,1,HWIURATIO,HWIURATIO
12,43,1,HWI,HWI
8,227,1,IPBUSEQ,IPBUSEQ
113,133,1,Income_Per_Employee_chg_3M,Income_Per_Employee_chg_3M
114,131,1,Income_Per_Employee_chg_6M,Income_Per_Employee_chg_6M
115,132,1,Income_Per_Employee_chg_12M,Income_Per_Employee_chg_12M
145,480,1,GS5_Q3,GS5_Q3
163,467,1,UNRATE_Q3,UNRATE_Q3
162,465,1,UNRATE_Q2,UNRATE_Q2
159,472,1,VIXCLSx_Q4,VIXCLSx_Q4
158,471,1,VIXCLSx_Q3,VIXCLSx_Q3
157,473,1,VIXCLSx_Q2,VIXCLSx_Q2
154,537,1,AAA_10Y_Spread_Q4,AAA_10Y_Spread_Q4
153,536,1,AAA_10Y_Spread_Q3,AAA_10Y_Spread_Q3
152,518,1,AAA_10Y_Spread_Q2,AAA_10Y_Spread_Q2
149,478,1,BAA_10Y_Spread_Q4,BAA_10Y_Spread_Q4
148,535,1,BAA_10Y_Spread_Q3,BAA_10Y_Spread_Q3
147,538,1,BAA_10Y_Spread_Q2,BAA_10Y_Spread_Q2
144,504,1,GS1_Q4,GS1_Q4
116,477,1,BAA_AAA_Spread_chg_1M,BAA_AAA_Spread_chg_1M
143,482,1,GS1_Q3,GS1_Q3
142,508,1,GS1_Q2,GS1_Q2
141,503,1,TB3MS_Q4,TB3MS_Q4
140,507,1,TB3MS_Q2,TB3MS_Q2
138,502,1,FEDFUNDS_Q4,FEDFUNDS_Q4
136,506,1,FEDFUNDS_Q2,FEDFUNDS_Q2
133,479,1,GS10_Q3,GS10_Q3
128,364,1,TED_Spread_Proxy_chg_1M,TED_Spread_Proxy_chg_1M
119,476,1,BAA_AAA_Spread_chg_12M,BAA_AAA_Spread_chg_12M
118,475,1,BAA_AAA_Spread_chg_6M,BAA_AAA_Spread_chg_6M
117,474,1,BAA_AAA_Spread_chg_3M,BAA_AAA_Spread_chg_3M
253,237,1,INDPRO_zscore_3M,INDPRO_zscore_3M
273,226,1,IPBUSEQ_zscore_3M,IPBUSEQ_zscore_3M
511,89,1,ANDENOx_chg_6M,ANDENOx_chg_6M
465,329,1,HOUSTW_zscore_3M,HOUSTW_zscore_3M
463,327,1,HOUSTW_chg_3M,HOUSTW_chg_3M
461,340,1,HOUSTS_zscore_3M,HOUSTS_zscore_3M
460,281,1,HOUSTS_accel_3M,HOUSTS_accel_3M
459,338,1,HOUSTS_chg_3M,HOUSTS_chg_3M
458,323,1,HOUSTMW_accel_12M,HOUSTMW_accel_12M
457,322,1,HOUSTMW_chg_12M,HOUSTMW_chg_12M
455,310,1,HOUSTMW_accel_6M,HOUSTMW_accel_6M
454,309,1,HOUSTMW_chg_6M,HOUSTMW_chg_6M
453,313,1,HOUSTMW_zscore_3M,HOUSTMW_zscore_3M
451,294,1,HOUSTNE_accel_12M,HOUSTNE_accel_12M
450,293,1,HOUSTNE_chg_12M,HOUSTNE_chg_12M
448,292,1,HOUSTNE_accel_6M,HOUSTNE_accel_6M
447,291,1,HOUSTNE_chg_6M,HOUSTNE_chg_6M
446,297,1,HOUSTNE_zscore_3M,HOUSTNE_zscore_3M
439,339,1,HOUST_zscore_3M,HOUST_zscore_3M
438,280,1,HOUST_accel_3M,HOUST_accel_3M
437,336,1,HOUST_chg_3M,HOUST_chg_3M
435,154,1,AWHMAN_accel_3M,AWHMAN_accel_3M
425,153,1,CES0600000007_accel_3M,CES0600000007_accel_3M
420,703,1,USGOVT_zscore_3M,USGOVT_zscore_3M
418,62,1,USFIRE_accel_12M,USFIRE_accel_12M
417,61,1,USFIRE_chg_12M,USFIRE_chg_12M
415,66,1,USFIRE_accel_6M,USFIRE_accel_6M
414,65,1,USFIRE_chg_6M,USFIRE_chg_6M
413,68,1,USFIRE_zscore_3M,USFIRE_zscore_3M
464,278,1,HOUSTW_accel_3M,HOUSTW_accel_3M
466,328,1,HOUSTW_chg_6M,HOUSTW_chg_6M
274,205,1,IPBUSEQ_chg_6M,IPBUSEQ_chg_6M
467,302,1,HOUSTW_accel_6M,HOUSTW_accel_6M
504,591,1,ACOGNO_zscore_3M,ACOGNO_zscore_3M
502,320,1,PERMITW_accel_12M,PERMITW_accel_12M
501,300,1,PERMITW_accel_6M,PERMITW_accel_6M
500,342,1,PERMITW_chg_6M,PERMITW_chg_6M
499,343,1,PERMITW_zscore_3M,PERMITW_zscore_3M
498,279,1,PERMITW_accel_3M,PERMITW_accel_3M
495,349,1,PERMITS_zscore_3M,PERMITS_zscore_3M
494,283,1,PERMITS_accel_3M,PERMITS_accel_3M
493,325,1,PERMITMW_accel_12M,PERMITMW_accel_12M
492,324,1,PERMITMW_chg_12M,PERMITMW_chg_12M
490,301,1,PERMITMW_accel_6M,PERMITMW_accel_6M
489,332,1,PERMITMW_chg_6M,PERMITMW_chg_6M
488,333,1,PERMITMW_zscore_3M,PERMITMW_zscore_3M
487,284,1,PERMITMW_accel_3M,PERMITMW_accel_3M
486,331,1,PERMITMW_chg_3M,PERMITMW_chg_3M
485,315,1,PERMITNE_accel_12M,PERMITNE_accel_12M
484,314,1,PERMITNE_chg_12M,PERMITNE_chg_12M
482,304,1,PERMITNE_accel_6M,PERMITNE_accel_6M
481,303,1,PERMITNE_chg_6M,PERMITNE_chg_6M
480,308,1,PERMITNE_zscore_3M,PERMITNE_zscore_3M
479,306,1,PERMITNE_accel_3M,PERMITNE_accel_3M
478,305,1,PERMITNE_chg_3M,PERMITNE_chg_3M
473,348,1,PERMIT_zscore_3M,PERMIT_zscore_3M
472,282,1,PERMIT_accel_3M,PERMIT_accel_3M
470,321,1,HOUSTW_accel_12M,HOUSTW_accel_12M
412,64,1,USFIRE_accel_3M,USFIRE_accel_3M
411,63,1,USFIRE_chg_3M,USFIRE_chg_3M
409,277,1,USTRADE_zscore_3M,USTRADE_zscore_3M
408,186,1,USWTRADE_accel_12M,USWTRADE_accel_12M
357,249,1,USGOOD_zscore_3M,USGOOD_zscore_3M
356,245,1,USGOOD_accel_3M,USGOOD_accel_3M
355,244,1,USGOOD_chg_3M,USGOOD_chg_3M
349,272,1,PAYEMS_zscore_3M,PAYEMS_zscore_3M
344,163,1,CLAIMSx_zscore_3M,CLAIMSx_zscore_3M
341,14,1,UEMP27OV_accel_6M,UEMP27OV_accel_6M
340,13,1,UEMP27OV_chg_6M,UEMP27OV_chg_6M
335,8,1,UEMP15T26_zscore_3M,UEMP15T26_zscore_3M
331,10,1,UEMP15OV_zscore_3M,UEMP15OV_zscore_3M
322,12,1,UEMPMEAN_accel_6M,UEMPMEAN_accel_6M
321,11,1,UEMPMEAN_chg_6M,UEMPMEAN_chg_6M
320,19,1,UEMPMEAN_zscore_3M,UEMPMEAN_zscore_3M
317,53,1,UNRATE_accel_6M,UNRATE_accel_6M
316,52,1,UNRATE_chg_6M,UNRATE_chg_6M
311,31,1,CE16OV_zscore_3M,CE16OV_zscore_3M
306,50,1,HWIURATIO_accel_12M,HWIURATIO_accel_12M
305,49,1,HWIURATIO_chg_12M,HWIURATIO_chg_12M
301,48,1,HWI_accel_12M,HWI_accel_12M
300,47,1,HWI_chg_12M,HWI_chg_12M
287,217,1,IPNMAT_zscore_3M,IPNMAT_zscore_3M
284,229,1,IPDMAT_zscore_3M,IPDMAT_zscore_3M
281,208,1,IPMAT_accel_6M,IPMAT_accel_6M
280,210,1,IPMAT_chg_6M,IPMAT_chg_6M
279,231,1,IPMAT_zscore_3M,IPMAT_zscore_3M
275,206,1,IPBUSEQ_accel_6M,IPBUSEQ_accel_6M
358,201,1,USGOOD_chg_6M,USGOOD_chg_6M
359,203,1,USGOOD_accel_6M,USGOOD_accel_6M
363,81,1,CES1021000001_chg_3M,CES1021000001_chg_3M
386,241,1,NDMANEMP_accel_3M,NDMANEMP_accel_3M
407,185,1,USWTRADE_chg_12M,USWTRADE_chg_12M
405,262,1,USWTRADE_accel_6M,USWTRADE_accel_6M
404,261,1,USWTRADE_chg_6M,USWTRADE_chg_6M
403,266,1,USWTRADE_zscore_3M,USWTRADE_zscore_3M
402,264,1,USWTRADE_accel_3M,USWTRADE_accel_3M
401,263,1,USWTRADE_chg_3M,USWTRADE_chg_3M
395,276,1,USTPU_zscore_3M,USTPU_zscore_3M
392,273,1,SRVPRD_zscore_3M,SRVPRD_zscore_3M
389,199,1,NDMANEMP_accel_6M,NDMANEMP_accel_6M
388,198,1,NDMANEMP_chg_6M,NDMANEMP_chg_6M
387,243,1,NDMANEMP_zscore_3M,NDMANEMP_zscore_3M
385,240,1,NDMANEMP_chg_3M,NDMANEMP_chg_3M
364,82,1,CES1021000001_accel_3M,CES1021000001_accel_3M
378,257,1,USCONS_accel_12M,USCONS_accel_12M
377,256,1,USCONS_chg_12M,USCONS_chg_12M
375,253,1,USCONS_accel_6M,USCONS_accel_6M
374,252,1,USCONS_chg_6M,USCONS_chg_6M
373,259,1,USCONS_zscore_3M,USCONS_zscore_3M
371,254,1,USCONS_chg_3M,USCONS_chg_3M
370,80,1,CES1021000001_accel_12M,CES1021000001_accel_12M
369,79,1,CES1021000001_chg_12M,CES1021000001_chg_12M
367,78,1,CES1021000001_accel_6M,CES1021000001_accel_6M
366,77,1,CES1021000001_chg_6M,CES1021000001_chg_6M
365,84,1,CES1021000001_zscore_3M,CES1021000001_zscore_3M
743,662,1,VIXCLSx_accel_12M,VIXCLSx_accel_12M
